Lagrange Point,X (in 1e9 m),Y (in 1e9 m)
L1,727.29798,0
L2,834.2214602,0
L3,-783.3440959,0
L4,398.6630666,675.5019899
L5,398.6630666,-675.5019899